{
    "LR": [
        0.10610465116279069,
        0.11696869851729819,
        0.10926365795724466,
        0.10034364261168385,
        0.10708898944193061
    ],
    "XGB": [
        0.3670212765957447,
        0.43478260869565216,
        0.4090909090909091,
        0.4,
        0.3909348441926346
    ],
    "NB": [
        0.11119936457505956,
        0.1075085324232082,
        0.10577705451586655,
        0.11254752851711027,
        0.1053484602917342
    ],
    "RF": [
        0.8,
        0.8055555555555556,
        0.8137931034482758,
        0.8571428571428571,
        0.8421052631578947
    ],
    "SVM": [
        0.14984391259105098,
        0.20414201183431951,
        0.15813953488372093,
        0.1397738951695786,
        0.17317073170731706
    ]
}